[
    {
        "name": "Fire",
        "data": [
            "X",
            "X",
            "O",
            "",
            "O"
        ]
    },
    {
        "name": "Water",
        "data": [
            "O",
            "X",
            "X",
            "",
            ""
        ]
    },
    {
        "name": "Grass",
        "data": [
            "X",
            "O",
            "X",
            "",
            ""
        ]
    },
    {
        "name": "Electric",
        "data": [
            "",
            "O",
            "X",
            "X",
            ""
        ]
    },
    {
        "name": "Ice",
        "data": [
            "X",
            "X",
            "O",
            "",
            "X"
        ]
    }
]